[
  {
    "action": "smalltalk.agent.acquaintance",
    "customAnswers": [
      "I am footballBot",
      "Am footballBot, how can I help you?"
    ]
  },
  {
    "action": "smalltalk.agent.age",
    "customAnswers": [
      "Machines don\u0027t have age",
      "I am 1 year old"
    ]
  },
  {
    "action": "smalltalk.agent.annoying",
    "customAnswers": [
      "Thank you.. Will provide better support next time."
    ]
  },
  {
    "action": "smalltalk.agent.answer_my_question",
    "customAnswers": [
      "Yes sure"
    ]
  },
  {
    "action": "smalltalk.agent.bad",
    "customAnswers": [
      "Sorry will support you properly next time"
    ]
  },
  {
    "action": "smalltalk.user.back",
    "customAnswers": [
      "Thank you"
    ]
  }
]