[
  {
    "id": "80791cf4-0252-4149-9ec9-5a83a5b3da12",
    "data": [
      {
        "text": "could you order pizza ",
        "userDefined": false
      },
      {
        "text": "here",
        "meta": "@sys.location",
        "alias": "location",
        "userDefined": true
      },
      {
        "text": "?",
        "userDefined": false
      }
    ],
    "isTemplate": false,
    "count": 0,
    "lang": "en",
    "updated": 0
  },
  {
    "id": "8e9f8cf8-6f4c-4a12-8bfd-dc4b93950807",
    "data": [
      {
        "text": "could you order me pizza ",
        "userDefined": false
      },
      {
        "text": "now",
        "meta": "@sys.date-time",
        "alias": "date-time",
        "userDefined": true
      },
      {
        "text": "?",
        "userDefined": false
      }
    ],
    "isTemplate": false,
    "count": 0,
    "lang": "en",
    "updated": 0
  },
  {
    "id": "c0d4e968-1f25-4d51-aa14-e74ce514e408",
    "data": [
      {
        "text": "could u add ",
        "userDefined": false
      },
      {
        "text": "toppings",
        "meta": "@toppings",
        "alias": "toppings",
        "userDefined": true
      },
      {
        "text": " to pizza?",
        "userDefined": false
      }
    ],
    "isTemplate": false,
    "count": 0,
    "lang": "en",
    "updated": 0
  },
  {
    "id": "51a25266-231c-4897-9bde-d113596145ba",
    "data": [
      {
        "text": "could you order me small ",
        "userDefined": false
      },
      {
        "text": "size",
        "meta": "@size",
        "alias": "size",
        "userDefined": true
      },
      {
        "text": " pizza",
        "userDefined": false
      }
    ],
    "isTemplate": false,
    "count": 0,
    "lang": "en",
    "updated": 0
  },
  {
    "id": "5ccf4a1a-a666-4284-bba7-6eac4dff68b1",
    "data": [
      {
        "text": "could you order me a pizza in the mobile number of ",
        "userDefined": false
      },
      {
        "text": "6282862700",
        "meta": "@sys.phone-number",
        "alias": "phone-number",
        "userDefined": true
      }
    ],
    "isTemplate": false,
    "count": 0,
    "lang": "en",
    "updated": 0
  },
  {
    "id": "cdf58df3-4448-4287-a3ec-ab0c219369c9",
    "data": [
      {
        "text": "could me order me a pizza to the mail id of ",
        "userDefined": false
      },
      {
        "text": "sai@mail.com",
        "meta": "@sys.email",
        "alias": "email",
        "userDefined": true
      }
    ],
    "isTemplate": false,
    "count": 0,
    "lang": "en",
    "updated": 0
  },
  {
    "id": "e52f99ea-70ff-4cf0-a0fe-5f69f90f8b5c",
    "data": [
      {
        "text": "order me pizza",
        "userDefined": false
      }
    ],
    "isTemplate": false,
    "count": 0,
    "lang": "en",
    "updated": 0
  },
  {
    "id": "b40e977e-42ee-41d8-aab4-09e243558ad5",
    "data": [
      {
        "text": "please order me a pizza",
        "userDefined": false
      }
    ],
    "isTemplate": false,
    "count": 0,
    "lang": "en",
    "updated": 0
  }
]